K,n_obs,seed,repeat,method,time_ms,lsa_time_ms,speedup,distance_ratio,hamming
5,2,42,0,LSA (scipy),3.671051934361458,3.949752077460289,1.0759183329688602,1.0,0.0
5,2,42,0,LSA custom cold,19.96138133108616,3.949752077460289,0.1978696770503192,1.0,0.0
5,2,42,0,LSA custom warm,21.100448444485664,3.949752077460289,0.18718806322301207,1.0,0.0
5,2,42,0,Hilbert,3.2773856073617935,3.949752077460289,1.2051532991992762,1.0042335809535257,0.986
5,2,42,0,Hilbert+Swap,3.143059089779854,3.949752077460289,1.2566585497242235,1.0000343866989836,1.0
5,2,42,0,Sinkhorn,19.923774525523186,3.949752077460289,0.1982431628304412,1.0002485374437673,0.0132
5,2,42,0,Sinkhorn+Swap,16.333164647221565,3.949752077460289,0.24182405325425904,1.0,0.0
5,2,42,0,Swap only,0.32314471900463104,3.949752077460289,12.222858196867778,1.000081353310754,0.014
5,2,42,1,LSA (scipy),2.3542996495962143,2.2864826023578644,0.9711943858760794,1.0,0.0
5,2,42,1,LSA custom cold,13.30888643860817,2.2864826023578644,0.17180119560754045,1.0,0.0
5,2,42,1,LSA custom warm,13.701340183615685,2.2864826023578644,0.16688021549104243,1.0,0.0
5,2,42,1,Hilbert,2.245470881462097,2.2864826023578644,1.0182641962691865,1.0061110148992787,0.654
5,2,42,1,Hilbert+Swap,2.4423524737358093,2.2864826023578644,0.9361804354391456,1.0000032745641445,0.6004
5,2,42,1,Sinkhorn,16.779035329818726,2.2864826023578644,0.13627020608833576,1.000512915756993,0.0036
5,2,42,1,Sinkhorn+Swap,16.84661954641342,2.2864826023578644,0.1357235257826338,1.0,0.0
5,2,42,1,Swap only,0.28678029775619507,2.2864826023578644,7.972941726637396,1.000284627599536,0.0152
5,2,42,2,LSA (scipy),1.7001405358314514,1.6111116856336594,0.9476344170840838,1.0,0.0
5,2,42,2,LSA custom cold,10.034546256065369,1.6111116856336594,0.16055650594662663,1.0,0.0
5,2,42,2,LSA custom warm,11.930644512176514,1.6111116856336594,0.13503978632414582,1.0,0.0
5,2,42,2,Hilbert,2.216927707195282,1.6111116856336594,0.7267317199404472,1.016129211865779,0.784
5,2,42,2,Hilbert+Swap,2.4460498243570328,1.6111116856336594,0.6586585725240307,1.0,0.6
5,2,42,2,Sinkhorn,16.132250428199768,1.6111116856336594,0.09986899799282664,1.0000378174678777,0.0132
5,2,42,2,Sinkhorn+Swap,16.129232943058014,1.6111116856336594,0.09988768165984473,1.0,0.0
5,2,42,2,Swap only,0.29997341334819794,1.6111116856336594,5.3708482616875814,1.0000020483729297,0.0008
5,2,42,3,LSA (scipy),1.8418040126562119,1.6614794731140137,0.9020935244450152,1.0,0.0
5,2,42,3,LSA custom cold,9.931990876793861,1.6614794731140137,0.16728564229716195,1.0,0.0
5,2,42,3,LSA custom warm,12.149309739470482,1.6614794731140137,0.13675505100641447,1.0,0.0
5,2,42,3,Hilbert,2.2028665989637375,1.6614794731140137,0.754235174247773,1.004852666369797,0.996
5,2,42,3,Hilbert+Swap,2.4195946753025055,1.6614794731140137,0.6866767769301237,1.0000070068786235,1.0
5,2,42,3,Sinkhorn,16.793143004179,1.6614794731140137,0.09893796966419877,1.000004825537249,0.0036
5,2,42,3,Sinkhorn+Swap,16.837384551763535,1.6614794731140137,0.0986780023943797,1.0000019196807037,0.0012
5,2,42,3,Swap only,0.30183233320713043,1.6614794731140137,5.504643771791787,1.0000070068786235,0.0024
5,2,42,4,LSA (scipy),1.6972199082374573,1.600382849574089,0.9429437174326264,1.0,0.0
5,2,42,4,LSA custom cold,10.054798796772957,1.600382849574089,0.15916607402305502,1.0,0.0
5,2,42,4,LSA custom warm,11.943811550736427,1.600382849574089,0.13399264068892758,1.0,0.0
5,2,42,4,Hilbert,2.2296886891126633,1.600382849574089,0.7177606709800302,1.0033224507960805,0.4956
5,2,42,4,Hilbert+Swap,2.41117924451828,1.600382849574089,0.6637344997110836,1.0,0.4
5,2,42,4,Sinkhorn,16.442155465483665,1.600382849574089,0.09733412708167773,1.0005059554116889,0.0152
5,2,42,4,Sinkhorn+Swap,16.539545729756355,1.600382849574089,0.09676099185087259,1.0000001947038375,0.0012
5,2,42,4,Swap only,0.2906210720539093,1.600382849574089,5.506768102752106,1.0000001947038375,0.0012
5,10,42,0,LSA (scipy),1.7328467220067978,2.655722200870514,1.5325776753035263,1.0,0.0
5,10,42,0,LSA custom cold,10.080015286803246,2.655722200870514,0.26346410449866925,1.0,0.0
5,10,42,0,LSA custom warm,12.359900400042534,2.655722200870514,0.21486598717748365,1.0,0.0
5,10,42,0,Hilbert,3.7477705627679825,2.655722200870514,0.7086138696038754,1.028956078442472,0.9488
5,10,42,0,Hilbert+Swap,3.3467933535575867,2.655722200870514,0.7935124521648534,1.0,0.8
5,10,42,0,Sinkhorn,16.49358496069908,2.655722200870514,0.16101546190222257,1.0000523381923003,0.0092
5,10,42,0,Sinkhorn+Swap,16.41392521560192,2.655722200870514,0.16179689903461797,1.0,0.0
5,10,42,0,Swap only,0.27221255004405975,2.655722200870514,9.756060844515304,1.0,0.0
5,10,42,1,LSA (scipy),1.7254091799259186,1.8047560006380081,1.045987248494584,1.0,0.0
5,10,42,1,LSA custom cold,10.05716621875763,1.8047560006380081,0.1794497536763344,1.0,0.0
5,10,42,1,LSA custom warm,12.09292747080326,1.8047560006380081,0.1492406206020294,1.0,0.0
5,10,42,1,Hilbert,3.172609955072403,1.8047560006380081,0.5688553040541731,1.0018854478110661,0.968
5,10,42,1,Hilbert+Swap,3.286665305495262,1.8047560006380081,0.5491146292323953,1.0000070107355932,0.9992
5,10,42,1,Sinkhorn,16.48644357919693,1.8047560006380081,0.10946909149741071,1.0000041529535364,0.004
5,10,42,1,Sinkhorn+Swap,16.57732017338276,1.8047560006380081,0.10886898375382772,1.0,0.0
5,10,42,1,Swap only,0.2760123461484909,1.8047560006380081,6.538678525876787,1.000002693386348,0.0024
5,10,42,2,LSA (scipy),1.7620883882045746,1.6574207693338394,0.9406002448166729,1.0,0.0
5,10,42,2,LSA custom cold,13.860460370779037,1.6574207693338394,0.11957905617825325,1.0,0.0
5,10,42,2,LSA custom warm,12.123016640543938,1.6574207693338394,0.13671686004214492,1.0,0.0
5,10,42,2,Hilbert,3.5973843187093735,1.6574207693338394,0.4607294140672935,1.0860494437918595,0.8108
5,10,42,2,Hilbert+Swap,3.3815987408161163,1.6574207693338394,0.490129343061512,1.0000381597896362,0.802
5,10,42,2,Sinkhorn,16.614707186818123,1.6574207693338394,0.09975624311024957,1.0000204097797625,0.008
5,10,42,2,Sinkhorn+Swap,16.621194779872894,1.6574207693338394,0.0997173062035745,1.0,0.0
5,10,42,2,Swap only,0.29750727117061615,1.6574207693338394,5.571026088916437,1.0000256271451948,0.004
5,10,42,3,LSA (scipy),1.9073914736509323,1.726420596241951,0.9051212716901866,1.0,0.0
5,10,42,3,LSA custom cold,9.99935157597065,1.726420596241951,0.17265325487611582,1.0,0.0
5,10,42,3,LSA custom warm,12.177389115095139,1.726420596241951,0.14177263943236185,1.0,0.0
5,10,42,3,Hilbert,3.1126830726861954,1.726420596241951,0.5546406607827497,1.035609480423608,0.9736
5,10,42,3,Hilbert+Swap,3.3517833799123764,1.726420596241951,0.5150752302754971,1.0000039346740865,1.0
5,10,42,3,Sinkhorn,16.554951667785645,1.726420596241951,0.10428424261735543,1.0000219332897975,0.0076
5,10,42,3,Sinkhorn+Swap,16.46369881927967,1.726420596241951,0.10486225575386748,1.0,0.0
5,10,42,3,Swap only,0.2901442348957062,1.726420596241951,5.950215060666367,1.0000208830878177,0.002
5,10,42,4,LSA (scipy),1.6936156898736954,1.5973206609487534,0.9431423377211843,1.0,0.0
5,10,42,4,LSA custom cold,10.044537484645844,1.5973206609487534,0.15902381402731883,1.0,0.0
5,10,42,4,LSA custom warm,11.953722685575485,1.5973206609487534,0.13362537369854116,1.0,0.0
5,10,42,4,Hilbert,3.063259646296501,1.5973206609487534,0.5214447501634161,1.0078053439066785,0.9724
5,10,42,4,Hilbert+Swap,3.251355141401291,1.5973206609487534,0.4912784336011751,1.0000072868511614,1.0
5,10,42,4,Sinkhorn,16.460716724395752,1.5973206609487534,0.09703834211431572,1.0000054848449165,0.0024
5,10,42,4,Sinkhorn+Swap,16.497498378157616,1.5973206609487534,0.09682199230057671,1.0,0.0
5,10,42,4,Swap only,0.2879556268453598,1.5973206609487534,5.547106956887351,1.000020293095458,0.0044
5,50,42,0,LSA (scipy),1.7247572541236877,1.9706282764673233,1.1425539865136312,1.0,0.0
5,50,42,0,LSA custom cold,10.128408670425415,1.9706282764673233,0.194564451395162,1.0,0.0
5,50,42,0,LSA custom warm,12.387316673994064,1.9706282764673233,0.15908435445139307,1.0,0.0
5,50,42,0,Hilbert,7.284151390194893,1.9706282764673233,0.2705364250281731,1.0082588883697128,0.806
5,50,42,0,Hilbert+Swap,4.810463637113571,1.9706282764673233,0.4096545416669571,1.0,0.8
5,50,42,0,Sinkhorn,16.49313233792782,1.9706282764673233,0.11948174768085995,1.0003129567762892,0.0012
5,50,42,0,Sinkhorn+Swap,16.592953354120255,1.9706282764673233,0.11876296126499926,1.0,0.0
5,50,42,0,Swap only,0.3156214952468872,1.9706282764673233,6.24364406779661,1.0,0.0
5,50,42,1,LSA (scipy),1.8926821649074554,1.8442198634147644,0.9743949077181373,1.0,0.0
5,50,42,1,LSA custom cold,10.713225230574608,1.8442198634147644,0.1721442258258066,1.0,0.0
5,50,42,1,LSA custom warm,12.015944346785545,1.8442198634147644,0.15348105901540085,1.0,0.0
5,50,42,1,Hilbert,5.213741213083267,1.8442198634147644,0.353722938681136,1.0066105106869068,0.428
5,50,42,1,Hilbert+Swap,4.654042422771454,1.8442198634147644,0.3962619365889971,1.0,0.4
5,50,42,1,Sinkhorn,16.53384603559971,1.8442198634147644,0.11154209731020225,1.0,0.0
5,50,42,1,Sinkhorn+Swap,16.611332073807716,1.8442198634147644,0.11102179254622684,1.0,0.0
5,50,42,1,Swap only,0.29115937650203705,1.8442198634147644,6.334056232607235,1.0,0.0
5,50,42,2,LSA (scipy),1.7225854098796844,1.6544722020626068,0.9604587340480057,1.0,0.0
5,50,42,2,LSA custom cold,10.135697200894356,1.6544722020626068,0.1632322048765051,1.0,0.0
5,50,42,2,LSA custom warm,12.019312009215355,1.6544722020626068,0.1376511568044912,1.0,0.0
5,50,42,2,Hilbert,4.651183262467384,1.6544722020626068,0.3557099578108074,1.0086770464617814,0.9868
5,50,42,2,Hilbert+Swap,4.778208211064339,1.6544722020626068,0.3462536852687873,1.0,1.0
5,50,42,2,Sinkhorn,16.47386886179447,1.6544722020626068,0.10043009422635332,1.001469871166308,0.0064
5,50,42,2,Sinkhorn+Swap,16.59248396754265,1.6544722020626068,0.09971214709617915,1.0,0.0
5,50,42,2,Swap only,0.2847742289304733,1.6544722020626068,5.8097679985871915,1.0,0.0
5,50,42,3,LSA (scipy),1.882847398519516,1.7223972827196121,0.9147832607538636,1.0,0.0
5,50,42,3,LSA custom cold,10.060712695121765,1.7223972827196121,0.17120032495856555,1.0,0.0
5,50,42,3,LSA custom warm,12.158280238509178,1.7223972827196121,0.14166454868051379,1.0,0.0
5,50,42,3,Hilbert,4.674429073929787,1.7223972827196121,0.36847222526613177,1.0044147857689414,0.9712
5,50,42,3,Hilbert+Swap,4.694368690252304,1.7223972827196121,0.366907117094597,1.0,1.0
5,50,42,3,Sinkhorn,16.675814986228943,1.7223972827196121,0.10328714273587139,1.0000001512528116,0.0008
5,50,42,3,Sinkhorn+Swap,16.883693635463715,1.7223972827196121,0.10201543097783805,1.0,0.0
5,50,42,3,Swap only,0.2681612968444824,1.7223972827196121,6.422989831073572,1.0,0.0
5,50,42,4,LSA (scipy),1.6973614692687988,1.6259253025054932,0.9579134037995576,1.0,0.0
5,50,42,4,LSA custom cold,10.073186829686165,1.6259253025054932,0.16141121275680237,1.0,0.0
5,50,42,4,LSA custom warm,11.982647702097893,1.6259253025054932,0.13568998629750503,1.0,0.0
5,50,42,4,Hilbert,4.570227116346359,1.6259253025054932,0.3557646613863097,1.0084063080281174,0.9856
5,50,42,4,Hilbert+Swap,4.7462694346904755,1.6259253025054932,0.34256911135756596,1.0,1.0
5,50,42,4,Sinkhorn,16.416480764746666,1.6259253025054932,0.09904225673002115,1.002698468652065,0.0112
5,50,42,4,Sinkhorn+Swap,16.51596464216709,1.6259253025054932,0.09844567591010248,1.0,0.0
5,50,42,4,Swap only,0.28645433485507965,1.6259253025054932,5.6760366476145885,1.0000004628427457,0.0008
10,2,42,0,LSA (scipy),3.25017049908638,3.491271287202835,1.074180966255225,1.0,0.0
10,2,42,0,LSA custom cold,11.678675189614296,3.491271287202835,0.29894412084579425,1.0,0.0
10,2,42,0,LSA custom warm,13.792835175991058,3.491271287202835,0.2531220914812372,1.0,0.0
10,2,42,0,Hilbert,2.7181077748537064,3.491271287202835,1.284449174349145,1.0541635045821882,0.8872
10,2,42,0,Hilbert+Swap,3.0321478843688965,3.491271287202835,1.1514185390497533,1.0011209575555493,0.9936
10,2,42,0,Sinkhorn,19.06830631196499,3.491271287202835,0.18309288880114805,1.0045368566248212,0.0512
10,2,42,0,Sinkhorn+Swap,19.092867150902748,3.491271287202835,0.18285736027015517,1.0000690903207812,0.008
10,2,42,0,Swap only,0.38358382880687714,3.491271287202835,9.101716561050816,1.0106452640441663,0.1488
10,2,42,1,LSA (scipy),3.0524842441082,2.9597394168376923,0.9696166073749535,1.0,0.0
10,2,42,1,LSA custom cold,11.592447757720947,2.9597394168376923,0.25531617469368445,1.0,0.0
10,2,42,1,LSA custom warm,13.374419882893562,2.9597394168376923,0.22129852679616568,1.0,0.0
10,2,42,1,Hilbert,2.6828069239854813,2.9597394168376923,1.1032249061146786,1.0964206756890669,0.9842
10,2,42,1,Hilbert+Swap,2.971826121211052,2.9597394168376923,0.995932903245216,1.000440881092874,0.899
10,2,42,1,Sinkhorn,18.931567668914795,2.9597394168376923,0.15633884465349995,1.001457780370382,0.0226
10,2,42,1,Sinkhorn+Swap,19.059188663959503,2.9597394168376923,0.15529199427226895,1.0000229087032435,0.004
10,2,42,1,Swap only,0.3737155348062515,2.9597394168376923,7.919765546733653,1.0273256034709572,0.0846
10,2,42,2,LSA (scipy),3.363553434610367,3.262558951973915,0.9699738729888349,1.0,0.0
10,2,42,2,LSA custom cold,12.143796309828758,3.262558951973915,0.26866054640041315,1.0,0.0
10,2,42,2,LSA custom warm,14.030607417225838,3.262558951973915,0.2325315544050049,1.0,0.0
10,2,42,2,Hilbert,2.6370156556367874,3.262558951973915,1.2372163756403909,1.0260381522321482,0.9068
10,2,42,2,Hilbert+Swap,3.0027106404304504,3.262558951973915,1.0865379127927606,1.0002934405274415,0.8988
10,2,42,2,Sinkhorn,19.025394693017006,3.262558951973915,0.17148442934387007,1.0051191707165112,0.0464
10,2,42,2,Sinkhorn+Swap,19.052913412451744,3.262558951973915,0.17123674901297348,1.0000358450262827,0.0058
10,2,42,2,Swap only,0.3725755959749222,3.262558951973915,8.756770403699537,1.0062561793872353,0.1216
10,2,42,3,LSA (scipy),3.4122243523597717,3.1652692705392838,0.9276263644124975,1.0,0.0
10,2,42,3,LSA custom cold,11.958098039031029,3.1652692705392838,0.2646967151638913,1.0,0.0
10,2,42,3,LSA custom warm,14.125784859061241,3.1652692705392838,0.22407740894544803,1.0,0.0
10,2,42,3,Hilbert,2.700401470065117,3.1652692705392838,1.1721476623485014,1.0324332451403835,0.8982
10,2,42,3,Hilbert+Swap,3.004569560289383,3.1652692705392838,1.0534851022834775,1.0003556014751585,0.9006
10,2,42,3,Sinkhorn,19.020579755306244,3.1652692705392838,0.16641287023105888,1.0075590901425024,0.0902
10,2,42,3,Sinkhorn+Swap,19.198749214410782,3.1652692705392838,0.1648685148803027,1.0000361220736604,0.0086
10,2,42,3,Swap only,0.368243083357811,3.1652692705392838,8.595597347482789,1.0037753456723062,0.0868
10,2,42,4,LSA (scipy),3.4582316875457764,3.365561366081238,0.9732029748618999,1.0,0.0
10,2,42,4,LSA custom cold,12.529648840427399,3.365561366081238,0.26860779651079475,1.0,0.0
10,2,42,4,LSA custom warm,14.382943511009216,3.365561366081238,0.23399670335248954,1.0,0.0
10,2,42,4,Hilbert,2.6775356382131577,3.365561366081238,1.2569623044596454,1.0186268328866033,0.9876
10,2,42,4,Hilbert+Swap,3.023797646164894,3.365561366081238,1.1130246662999441,1.0004563992514988,0.9986
10,2,42,4,Sinkhorn,19.144680351018906,3.365561366081238,0.17579616396688066,1.0019266249031722,0.1988
10,2,42,4,Sinkhorn+Swap,19.182300195097923,3.365561366081238,0.1754513969571446,1.0000933806092847,0.0262
10,2,42,4,Swap only,0.40365569293498993,3.365561366081238,8.33770320842043,1.0241026027062459,0.2216
10,10,42,0,LSA (scipy),3.294074907898903,3.4630093723535538,1.0512843420923916,1.0,0.0
10,10,42,0,LSA custom cold,11.703284457325935,3.4630093723535538,0.29590064096799806,1.0,0.0
10,10,42,0,LSA custom warm,13.808028772473335,3.4630093723535538,0.2507967957929776,1.0,0.0
10,10,42,0,Hilbert,4.312416538596153,3.4630093723535538,0.8030322074316336,1.007795739656514,0.8284
10,10,42,0,Hilbert+Swap,4.538288339972496,3.4630093723535538,0.7630650837788198,1.0000132900575167,0.8002
10,10,42,0,Sinkhorn,19.052494317293167,3.4630093723535538,0.18176146989900016,1.0012530151815837,0.0242
10,10,42,0,Sinkhorn+Swap,19.184496253728867,3.4630093723535538,0.18051083158779596,1.0,0.0
10,10,42,0,Swap only,0.3779325634241104,3.4630093723535538,9.163035174789675,1.000307293021247,0.0272
10,10,42,1,LSA (scipy),2.939905971288681,2.9425881803035736,1.0009123451705895,1.0,0.0
10,10,42,1,LSA custom cold,11.301228776574135,2.9425881803035736,0.2603777198461062,1.0,0.0
10,10,42,1,LSA custom warm,13.156728819012642,2.9425881803035736,0.22365651985250865,1.0,0.0
10,10,42,1,Hilbert,4.27202507853508,2.9425881803035736,0.6888040510550131,1.0078612545944592,0.986
10,10,42,1,Hilbert+Swap,4.568122327327728,2.9425881803035736,0.6441570451605958,1.0000061092754866,0.9996
10,10,42,1,Sinkhorn,18.908118829131126,2.9425881803035736,0.15562564456544578,1.0041254465905203,0.0614
10,10,42,1,Sinkhorn+Swap,19.140293821692467,2.9425881803035736,0.15373787924658816,1.0000078849496197,0.0048
10,10,42,1,Swap only,0.4124026745557785,2.9425881803035736,7.135230593432006,1.0019641131934687,0.0734
10,10,42,2,LSA (scipy),3.2597053796052933,3.1813010573387146,0.9759474206604303,1.0,0.0
10,10,42,2,LSA custom cold,11.926718056201935,3.1813010573387146,0.2667373406789328,1.0,0.0
10,10,42,2,LSA custom warm,13.696650043129921,3.1813010573387146,0.23226855087346104,1.0,0.0
10,10,42,2,Hilbert,4.421066492795944,3.1813010573387146,0.7195777449903983,1.015543622617564,0.9614
10,10,42,2,Hilbert+Swap,4.6104248613119125,3.1813010573387146,0.6900234041409937,1.0000545232707352,0.998
10,10,42,2,Sinkhorn,19.105050712823868,3.1813010573387146,0.16651623202462018,1.0017034828148814,0.0806
10,10,42,2,Sinkhorn+Swap,19.347527995705605,3.1813010573387146,0.16442932957868514,1.000007578556417,0.007
10,10,42,2,Swap only,0.41484832763671875,3.1813010573387146,7.668588362068966,1.011576403984077,0.068
10,10,42,3,LSA (scipy),3.765534609556198,3.57864610850811,0.9503686672872953,1.0,0.0
10,10,42,3,LSA custom cold,12.279335409402847,3.57864610850811,0.29143646534549233,1.0,0.0
10,10,42,3,LSA custom warm,14.328930526971817,3.57864610850811,0.24974970056361895,1.0,0.0
10,10,42,3,Hilbert,4.425248131155968,3.57864610850811,0.8086882367821695,1.0146318909611263,0.857
10,10,42,3,Hilbert+Swap,4.647631198167801,3.57864610850811,0.7699935635854436,1.0000710413603917,0.8974
10,10,42,3,Sinkhorn,19.17564682662487,3.57864610850811,0.18662453167103893,1.004682547565756,0.0908
10,10,42,3,Sinkhorn+Swap,19.234418869018555,3.57864610850811,0.18605428803842577,1.000028354542198,0.01
10,10,42,3,Swap only,0.42233802378177643,3.57864610850811,8.473416805959221,1.0031349872621989,0.073
10,10,42,4,LSA (scipy),3.2217856496572495,3.228040412068367,1.0019413961980317,1.0,0.0
10,10,42,4,LSA custom cold,11.97202317416668,3.228040412068367,0.2696319882702747,1.0,0.0
10,10,42,4,LSA custom warm,13.774888589978218,3.228040412068367,0.23434239710779914,1.0,0.0
10,10,42,4,Hilbert,4.378423094749451,3.228040412068367,0.7372609595311591,1.0317805814632113,0.8188
10,10,42,4,Hilbert+Swap,4.65892069041729,3.228040412068367,0.6928730121351858,1.0000044556250756,0.7002
10,10,42,4,Sinkhorn,19.073566421866417,3.228040412068367,0.16924157447385718,1.0052397198308516,0.0838
10,10,42,4,Sinkhorn+Swap,19.21713538467884,3.228040412068367,0.1679771905360032,1.0000182380101295,0.0052
10,10,42,4,Swap only,0.42461417615413666,3.228040412068367,7.6022907226172665,1.0027973267933474,0.0384
10,50,42,0,LSA (scipy),3.158673644065857,3.409605473279953,1.079442151197075,1.0,0.0
10,50,42,0,LSA custom cold,11.65817491710186,3.409605473279953,0.2924647723614321,1.0,0.0
10,50,42,0,LSA custom warm,13.88305053114891,3.409605473279953,0.2455948327516306,1.0,0.0
10,50,42,0,Hilbert,12.864343822002411,3.409605473279953,0.26504309278864,1.0123584016779674,0.9578
10,50,42,0,Hilbert+Swap,8.466135710477829,3.409605473279953,0.40273456390028917,1.0,0.8
10,50,42,0,Sinkhorn,19.12030391395092,3.409605473279953,0.1783238116205973,1.0028221700675202,0.0318
10,50,42,0,Sinkhorn+Swap,19.526729360222816,3.409605473279953,0.17461221540897345,1.0,0.0
10,50,42,0,Swap only,0.4097744822502136,3.409605473279953,8.320687648866343,1.003176285003668,0.031
10,50,42,1,LSA (scipy),3.095226362347603,3.090551123023033,0.9984895323387516,1.0,0.0
10,50,42,1,LSA custom cold,11.861039325594902,3.090551123023033,0.26056326416134057,1.0,0.0
10,50,42,1,LSA custom warm,13.608263805508614,3.090551123023033,0.227108407596565,1.0,0.0
10,50,42,1,Hilbert,8.04874673485756,3.090551123023033,0.3839791740046256,1.0669791630290406,0.8966
10,50,42,1,Hilbert+Swap,8.51844809949398,3.090551123023033,0.36280682665738384,1.0,1.0
10,50,42,1,Sinkhorn,19.167758524417877,3.090551123023033,0.1612369604451125,1.0009598255282859,0.019
10,50,42,1,Sinkhorn+Swap,20.134100690484047,3.090551123023033,0.15349834445219182,1.0,0.0
10,50,42,1,Swap only,0.4412829875946045,3.090551123023033,7.003558283244411,1.0231734492836047,0.1404
10,50,42,2,LSA (scipy),3.231605514883995,3.28817218542099,1.0175042003971284,1.0,0.0
10,50,42,2,LSA custom cold,12.155169621109962,3.28817218542099,0.2705163554205282,1.0,0.0
10,50,42,2,LSA custom warm,13.689901679754257,3.28817218542099,0.2401896129235031,1.0,0.0
10,50,42,2,Hilbert,7.846992462873459,3.28817218542099,0.4190359811072008,1.0269372352240485,0.8888
10,50,42,2,Hilbert+Swap,7.588109001517296,3.28817218542099,0.43333222872305827,1.0,0.8
10,50,42,2,Sinkhorn,18.98750104010105,3.28817218542099,0.17317561581571297,1.0019746073940246,0.0474
10,50,42,2,Sinkhorn+Swap,19.145963713526726,3.28817218542099,0.17174231783892283,1.0,0.0
10,50,42,2,Swap only,0.38839690387248993,3.28817218542099,8.4660102916281,1.0000021737908278,0.0024
10,50,42,3,LSA (scipy),3.2277535647153854,3.082653507590294,0.9550461166827381,1.0,0.0
10,50,42,3,LSA custom cold,11.416807770729065,3.082653507590294,0.2700101087358011,1.0,0.0
10,50,42,3,LSA custom warm,13.43996450304985,3.082653507590294,0.2293647060519219,1.0,0.0
10,50,42,3,Hilbert,7.709864526987076,3.082653507590294,0.3998323831501821,1.0100582271753176,0.9956
10,50,42,3,Hilbert+Swap,7.5911469757556915,3.082653507590294,0.40608534091561554,1.000042168188825,0.9998
10,50,42,3,Sinkhorn,18.89815367758274,3.082653507590294,0.16311929515352505,1.0037340001388688,0.1328
10,50,42,3,Sinkhorn+Swap,19.087597727775574,3.082653507590294,0.16150033920216839,1.0000060307407765,0.0026
10,50,42,3,Swap only,0.3874395042657852,3.082653507590294,7.956477007764237,1.000401145074916,0.0198
10,50,42,4,LSA (scipy),2.936398610472679,2.9472988098859787,1.0037120980014171,1.0,0.0
10,50,42,4,LSA custom cold,11.570759117603302,2.9472988098859787,0.25471957197709466,1.0,0.0
10,50,42,4,LSA custom warm,13.238510116934776,2.9472988098859787,0.22263070268880011,1.0,0.0
10,50,42,4,Hilbert,7.735675200819969,2.9472988098859787,0.38100084780880794,1.0056770718869192,0.9862
10,50,42,4,Hilbert+Swap,7.596692070364952,2.9472988098859787,0.3879713410240133,1.0000063894006328,0.9982
10,50,42,4,Sinkhorn,18.462779000401497,2.9472988098859787,0.15963462541700174,1.004704368080534,0.0966
10,50,42,4,Sinkhorn+Swap,18.833154812455177,2.9472988098859787,0.15649522553368503,1.0000028076170842,0.0032
10,50,42,4,Swap only,0.3829486668109894,2.9472988098859787,7.696328686634824,1.0287126186423547,0.0846
20,2,42,0,LSA (scipy),9.051186963915825,11.031471192836761,1.2187872415867327,1.0,0.0
20,2,42,0,LSA custom cold,19.80859600007534,11.031471192836761,0.5569032349791375,1.0,0.0
20,2,42,0,LSA custom warm,21.33406326174736,11.031471192836761,0.5170825199818608,1.0,0.0
20,2,42,0,Hilbert,3.6964546889066696,11.031471192836761,2.984338270381891,1.0511470918504984,0.9327
20,2,42,0,Hilbert+Swap,4.290128126740456,11.031471192836761,2.571361709240658,1.0010323406873942,0.9957
20,2,42,0,Sinkhorn,23.491304367780685,11.031471192836761,0.4695980699976324,1.0146666054378184,0.1392
20,2,42,0,Sinkhorn+Swap,23.57708290219307,11.031471192836761,0.4678895705036795,1.0002653336273157,0.0304
20,2,42,0,Swap only,0.6678570061922073,11.031471192836761,16.517714257027553,1.0269628477302513,0.2344
20,2,42,1,LSA (scipy),9.089428931474686,9.663527831435204,1.063161162740658,1.0,0.0
20,2,42,1,LSA custom cold,19.78251524269581,9.663527831435204,0.48848832986509216,1.0,0.0
20,2,42,1,LSA custom warm,21.33684977889061,9.663527831435204,0.45290321352853663,1.0,0.0
20,2,42,1,Hilbert,3.9177201688289642,9.663527831435204,2.4666202319201638,1.064831499373016,0.9726
20,2,42,1,Hilbert+Swap,4.528176039457321,9.663527831435204,2.1340883718366497,1.0035542058433191,0.9909
20,2,42,1,Sinkhorn,23.2075285166502,9.663527831435204,0.4163962493680498,1.0430589704061122,0.1348
20,2,42,1,Sinkhorn+Swap,23.4952662140131,9.663527831435204,0.41129680095608623,1.0007459065351627,0.0586
20,2,42,1,Swap only,0.6986688822507858,9.663527831435204,13.831341393513643,1.0156083371046962,0.2786
20,2,42,2,LSA (scipy),8.924426510930061,9.426409378647804,1.0562481933268146,1.0,0.0
20,2,42,2,LSA custom cold,17.33349822461605,9.426409378647804,0.5438261369110681,1.0,0.0
20,2,42,2,LSA custom warm,20.390857011079788,9.426409378647804,0.46228608113556835,1.0,0.0
20,2,42,2,Hilbert,3.866700455546379,9.426409378647804,2.4378431913769276,1.0312925423123123,0.9218
20,2,42,2,Hilbert+Swap,4.251731559634209,9.426409378647804,2.217075383625299,1.0008111987255992,0.9467
20,2,42,2,Sinkhorn,23.338530212640762,9.426409378647804,0.4038990156090555,1.0137598463508755,0.1435
20,2,42,2,Sinkhorn+Swap,23.4391950070858,9.426409378647804,0.40216438217260225,1.000180176739525,0.0213
20,2,42,2,Swap only,0.667329877614975,9.426409378647804,14.125561727188991,1.0131420374493925,0.1916
20,2,42,3,LSA (scipy),9.07110795378685,9.211184456944466,1.0154420500639219,1.0,0.0
20,2,42,3,LSA custom cold,17.570478841662407,9.211184456944466,0.5242420846894211,1.0,0.0
20,2,42,3,LSA custom warm,19.010137766599655,9.211184456944466,0.48454064720815915,1.0,0.0
20,2,42,3,Hilbert,3.654010593891144,9.211184456944466,2.520842296501255,1.0297622644654039,0.9011
20,2,42,3,Hilbert+Swap,4.28793765604496,9.211184456944466,2.148161936067077,1.0008927367901745,0.8573
20,2,42,3,Sinkhorn,23.32751825451851,9.211184456944466,0.39486345510244203,1.0061248492826722,0.1275
20,2,42,3,Sinkhorn+Swap,23.560522124171257,9.211184456944466,0.39095841800103864,1.0002375740653375,0.0295
20,2,42,3,Swap only,0.6906036287546158,9.211184456944466,13.337874394832307,1.0047439238984281,0.1096
20,2,42,4,LSA (scipy),9.635882452130318,10.188702493906021,1.0573709823176065,1.0,0.0
20,2,42,4,LSA custom cold,24.56502802670002,10.188702493906021,0.41476453773355354,1.0,0.0
20,2,42,4,LSA custom warm,25.669511407613754,10.188702493906021,0.39691844274386856,1.0,0.0
20,2,42,4,Hilbert,3.712797537446022,10.188702493906021,2.7442117139828412,1.0254928464444675,0.9401
20,2,42,4,Hilbert+Swap,4.320517182350159,10.188702493906021,2.3582136267223093,1.0022896574558915,0.8783
20,2,42,4,Sinkhorn,23.563344031572342,10.188702493906021,0.432396288075846,1.0089452155176184,0.1636
20,2,42,4,Sinkhorn+Swap,23.660151287913322,10.188702493906021,0.430627106729908,1.0004508119167264,0.0653
20,2,42,4,Swap only,0.7184352725744247,10.188702493906021,14.181796026517539,1.0081235746966926,0.233
20,10,42,0,LSA (scipy),9.490977972745895,10.219424962997437,1.0767515204801166,1.0,0.0
20,10,42,0,LSA custom cold,18.12334544956684,10.219424962997437,0.5638818170428731,1.0,0.0
20,10,42,0,LSA custom warm,21.24575898051262,10.219424962997437,0.48101011464787224,1.0,0.0
20,10,42,0,Hilbert,7.626157253980637,10.219424962997437,1.3400490735570905,1.0350624031246114,0.8839
20,10,42,0,Hilbert+Swap,7.386809214949608,10.219424962997437,1.3834694609839266,1.0001467064255427,0.8521
20,10,42,0,Sinkhorn,23.188738152384758,10.219424962997437,0.440706384963274,1.015612026764675,0.151
20,10,42,0,Sinkhorn+Swap,23.6346535384655,10.219424962997437,0.432391570554029,1.0000996287512927,0.0164
20,10,42,0,Swap only,0.6805434823036194,10.219424962997437,15.016564302996464,1.0060726764692753,0.1185
20,10,42,1,LSA (scipy),10.67417487502098,10.710583999752998,1.0034109544914072,1.0,0.0
20,10,42,1,LSA custom cold,22.889740765094757,10.710583999752998,0.46792072088845515,1.0,0.0
20,10,42,1,LSA custom warm,24.38262850046158,10.710583999752998,0.43927109825547483,1.0,0.0
20,10,42,1,Hilbert,6.95342943072319,10.710583999752998,1.5403311569438112,1.0154455193268002,0.939
20,10,42,1,Hilbert+Swap,7.432380691170692,10.710583999752998,1.4410704247801316,1.0001590008949899,0.9474
20,10,42,1,Sinkhorn,23.554475978016853,10.710583999752998,0.4547154438820492,1.015170419161377,0.169
20,10,42,1,Sinkhorn+Swap,23.729687556624413,10.710583999752998,0.4513579866652318,1.0002084216164278,0.0171
20,10,42,1,Swap only,0.6911121308803558,10.710583999752998,15.497606714137097,1.0099734154234643,0.2046
20,10,42,2,LSA (scipy),9.383775293827057,9.785186499357224,1.0427771544992375,1.0,0.0
20,10,42,2,LSA custom cold,19.86786350607872,9.785186499357224,0.49251327382853083,1.0,0.0
20,10,42,2,LSA custom warm,21.731020882725716,9.785186499357224,0.4502865535937891,1.0,0.0
20,10,42,2,Hilbert,6.886433809995651,9.785186499357224,1.4209366951518558,1.0211593630516476,0.9862
20,10,42,2,Hilbert+Swap,7.412496954202652,9.785186499357224,1.3200931561677514,1.0001370484589505,0.9991
20,10,42,2,Sinkhorn,23.303013294935226,9.785186499357224,0.41991078044331615,1.0096559978111075,0.2038
20,10,42,2,Sinkhorn+Swap,23.72216433286667,9.785186499357224,0.41249130399961054,1.000074082393823,0.0201
20,10,42,2,Swap only,0.6755813956260681,9.785186499357224,14.484097049903502,1.0119724706223499,0.1177
20,10,42,3,LSA (scipy),10.369712486863136,9.624851867556572,0.9281695977347307,1.0,0.0
20,10,42,3,LSA custom cold,23.30443076789379,9.624851867556572,0.41300523335745254,1.0,0.0
20,10,42,3,LSA custom warm,26.47126093506813,9.624851867556572,0.36359627488715246,1.0,0.0
20,10,42,3,Hilbert,7.9934727400541306,9.624851867556572,1.204088908607624,1.0259295591982853,0.9005
20,10,42,3,Hilbert+Swap,8.275903761386871,9.624851867556572,1.1629970750099254,1.0000985907955648,0.9005
20,10,42,3,Sinkhorn,23.361090570688248,9.624851867556572,0.4120035337576713,1.010894658144248,0.1936
20,10,42,3,Sinkhorn+Swap,23.827632889151573,9.624851867556572,0.40393655183174526,1.0000254369108197,0.0122
20,10,42,3,Swap only,0.6855390965938568,9.624851867556572,14.039829260472876,1.0191033328583745,0.2257
20,10,42,4,LSA (scipy),10.417945683002472,11.349031701683998,1.0893732840439598,1.0,0.0
20,10,42,4,LSA custom cold,22.259825840592384,11.349031701683998,0.5098436880394737,1.0,0.0
20,10,42,4,LSA custom warm,24.352163076400757,11.349031701683998,0.46603793125392384,1.0,0.0
20,10,42,4,Hilbert,7.168112322688103,11.349031701683998,1.583266443211651,1.0163754865064072,0.9287
20,10,42,4,Hilbert+Swap,7.750490680336952,11.349031701683998,1.464298477317903,1.000137942361846,0.9041
20,10,42,4,Sinkhorn,23.555004969239235,11.349031701683998,0.4818097774339184,1.0101720700270476,0.2239
20,10,42,4,Sinkhorn+Swap,23.86348694562912,11.349031701683998,0.4755814490791635,1.0000713578602363,0.0253
20,10,42,4,Swap only,0.6759315729141235,11.349031701683998,16.79020799806001,1.0134537692509549,0.1765
20,50,42,0,LSA (scipy),9.615030139684677,16.48884266614914,1.7149028579841652,1.0,0.0
20,50,42,0,LSA custom cold,21.81282453238964,16.48884266614914,0.7559242335473347,1.0,0.0
20,50,42,0,LSA custom warm,23.50916899740696,16.48884266614914,0.701379222207635,1.0,0.0
20,50,42,0,Hilbert,21.927135065197945,16.48884266614914,0.7519834495989268,1.0206247249116729,0.9541
20,50,42,0,Hilbert+Swap,13.994911685585976,16.48884266614914,1.178202695136103,1.0000469073888862,0.9498
20,50,42,0,Sinkhorn,23.531991988420486,16.48884266614914,0.7006989750065737,1.0175397847672971,0.2085
20,50,42,0,Sinkhorn+Swap,23.746328428387642,16.48884266614914,0.6943744046948112,1.000016531309543,0.0077
20,50,42,0,Swap only,0.6867162883281708,16.48884266614914,24.01114251460624,1.009734138122687,0.1573
20,50,42,1,LSA (scipy),9.195074439048767,20.64988575875759,2.2457551481109954,1.0,0.0
20,50,42,1,LSA custom cold,18.476294353604317,20.64988575875759,1.1176421723725816,1.0,0.0
20,50,42,1,LSA custom warm,20.068183541297913,20.64988575875759,1.0289862914728982,1.0,0.0
20,50,42,1,Hilbert,14.090968295931816,20.64988575875759,1.4654696061390893,1.029987812028417,0.9027
20,50,42,1,Hilbert+Swap,14.327099546790123,20.64988575875759,1.441316554779159,1.00001241539178,0.9484
20,50,42,1,Sinkhorn,23.463748395442963,20.64988575875759,0.8800761673172447,1.0124222190613135,0.1313
20,50,42,1,Sinkhorn+Swap,23.62576685845852,20.64988575875759,0.8740408674338754,1.0000047912652397,0.0038
20,50,42,1,Swap only,0.6706919521093369,20.64988575875759,30.788927306811082,1.0195713134021218,0.2384
20,50,42,2,LSA (scipy),9.238071739673615,19.17339861392975,2.0754762632539543,1.0,0.0
20,50,42,2,LSA custom cold,19.16571706533432,19.17339861392975,1.0004007963056765,1.0,0.0
20,50,42,2,LSA custom warm,20.52784524857998,19.17339861392975,0.9340190546913868,1.0,0.0
20,50,42,2,Hilbert,13.870397582650185,19.17339861392975,1.3823250919579142,1.043586965244011,0.8941
20,50,42,2,Hilbert+Swap,14.192907139658928,19.17339861392975,1.3509141168375536,1.0000879754663639,0.9489
20,50,42,2,Sinkhorn,23.279502987861633,19.17339861392975,0.8236171804839268,1.006819917225492,0.1438
20,50,42,2,Sinkhorn+Swap,23.38523603975773,19.17339861392975,0.8198933113752905,1.0000186401225934,0.0092
20,50,42,2,Swap only,0.6655827164649963,19.17339861392975,28.80693584677555,1.017393417800605,0.1322
20,50,42,3,LSA (scipy),9.209973737597466,21.383747458457947,2.3218033045158455,1.0,0.0
20,50,42,3,LSA custom cold,19.43354681134224,21.383747458457947,1.1003522756832782,1.0,0.0
20,50,42,3,LSA custom warm,21.00151591002941,21.383747458457947,1.0182001885038212,1.0,0.0
20,50,42,3,Hilbert,13.991255313158035,21.383747458457947,1.5283651809532532,1.1020857626879237,0.9882
20,50,42,3,Hilbert+Swap,14.217428863048553,21.383747458457947,1.5040516583160006,1.000097862405579,0.9994
20,50,42,3,Sinkhorn,23.310262709856033,21.383747458457947,0.917353344517069,1.0124190380197897,0.2016
20,50,42,3,Sinkhorn+Swap,23.551741614937782,21.383747458457947,0.9079476077852019,1.000027481426558,0.0144
20,50,42,3,Swap only,0.6649866700172424,21.383747458457947,32.15665579868464,1.0055249652392322,0.1116
20,50,42,4,LSA (scipy),9.3456469476223,21.235940977931023,2.272281533525491,1.0,0.0
20,50,42,4,LSA custom cold,18.526583909988403,21.235940977931023,1.1462415889030626,1.0,0.0
20,50,42,4,LSA custom warm,20.752206444740295,21.235940977931023,1.023310028959033,1.0,0.0
20,50,42,4,Hilbert,14.17536661028862,21.235940977931023,1.4980876023705636,1.020233463096974,0.95
20,50,42,4,Hilbert+Swap,14.254027977585793,21.235940977931023,1.4898203519260778,1.0000699491087879,0.9
20,50,42,4,Sinkhorn,23.13997596502304,21.235940977931023,0.9177166393789674,1.0053907412911511,0.1901
20,50,42,4,Sinkhorn+Swap,23.54932390153408,21.235940977931023,0.9017643592115034,1.0000227394870485,0.0124
20,50,42,4,Swap only,0.6789993494749069,21.235940977931023,31.275348046140973,1.0017156650351218,0.0991
50,2,42,0,LSA (scipy),16.32976531982422,17.79758557677269,1.089886181962857,1.0,0.0
50,2,42,0,LSA custom cold,35.113051533699036,17.79758557677269,0.5068652480885012,1.0,0.0
50,2,42,0,LSA custom warm,183.61841700971127,17.79758557677269,0.09692701781560074,1.0,0.0
50,2,42,0,Hilbert,13.777941465377808,17.79758557677269,1.2917448968335168,1.0502274029564165,0.966
50,2,42,0,Hilbert+Swap,15.889957547187805,17.79758557677269,1.12005243084633,1.0044035646342364,0.9748
50,2,42,0,Sinkhorn,60.327375307679176,17.79758557677269,0.29501673968081954,1.1356167778099997,0.41224
50,2,42,0,Sinkhorn+Swap,52.071595564484596,17.79758557677269,0.3417906707838913,1.0026256531712765,0.17224
50,2,42,0,Swap only,1.7223414033651352,17.79758557677269,10.333366858626004,1.0247314869397142,0.40272
50,2,42,1,LSA (scipy),18.63839663565159,18.891727551817894,1.0135918835250954,1.0,0.0
50,2,42,1,LSA custom cold,34.59439240396023,18.891727551817894,0.5460921912204257,1.0,0.0
50,2,42,1,LSA custom warm,38.37594762444496,18.891727551817894,0.4922804183676788,1.0,0.0
50,2,42,1,Hilbert,7.007943466305733,18.891727551817894,2.695759125719196,1.0650692269963171,0.97728
50,2,42,1,Hilbert+Swap,8.578574284911156,18.891727551817894,2.2021989813676304,1.00485746557178,0.97896
50,2,42,1,Sinkhorn,55.67219667136669,18.891727551817894,0.3393386408539953,1.064508392057044,0.41048
50,2,42,1,Sinkhorn+Swap,48.0707548558712,18.891727551817894,0.39299835437284636,1.0020165859789096,0.18264
50,2,42,1,Swap only,1.679772511124611,18.891727551817894,11.246598826152862,1.0283444563873927,0.47016
50,2,42,2,LSA (scipy),16.755206510424614,16.333293169736862,0.9748189710210227,1.0,0.0
50,2,42,2,LSA custom cold,31.555118039250374,16.333293169736862,0.5176115376726025,1.0,0.0
50,2,42,2,LSA custom warm,34.6158929169178,16.333293169736862,0.47184376289060864,1.0,0.0
50,2,42,2,Hilbert,6.923476234078407,16.333293169736862,2.3591173880747793,1.0510167971301108,0.97496
50,2,42,2,Hilbert+Swap,8.562007918953896,16.333293169736862,1.9076475196407505,1.0022291875176352,0.97936
50,2,42,2,Sinkhorn,53.898585960268974,16.333293169736862,0.30303750791860945,1.0487994542690662,0.37752
50,2,42,2,Sinkhorn+Swap,46.48502171039581,16.333293169736862,0.35136679663170123,1.0014381846332352,0.1124
50,2,42,2,Swap only,1.6578342765569687,16.333293169736862,9.852186916811885,1.0704346995472374,0.48312
50,2,42,3,LSA (scipy),14.433860778808594,15.61347022652626,1.0817251507267922,1.0,0.0
50,2,42,3,LSA custom cold,35.055406391620636,15.61347022652626,0.44539407280294374,1.0,0.0
50,2,42,3,LSA custom warm,37.82256133854389,15.61347022652626,0.4128083787550109,1.0,0.0
50,2,42,3,Hilbert,6.964696571230888,15.61347022652626,2.2418019316190905,1.0789600423428,0.98152
50,2,42,3,Hilbert+Swap,8.662311360239983,15.61347022652626,1.8024600568148708,1.0072268152635824,0.99068
50,2,42,3,Sinkhorn,55.78811094164848,15.61347022652626,0.27987092523812385,1.0446245768126297,0.37432
50,2,42,3,Sinkhorn+Swap,49.599193036556244,15.61347022652626,0.31479282767803535,1.0026205206899204,0.13924
50,2,42,3,Swap only,1.70816108584404,15.61347022652626,9.140513945621997,1.0392555230778675,0.44164
50,2,42,4,LSA (scipy),15.333026647567749,15.044352039694786,0.9811730185756408,1.0,0.0
50,2,42,4,LSA custom cold,31.302303075790405,15.044352039694786,0.480614860934315,1.0,0.0
50,2,42,4,LSA custom warm,34.84887816011906,15.044352039694786,0.4317026209730761,1.0,0.0
50,2,42,4,Hilbert,6.9894324988126755,15.044352039694786,2.1524425684417774,1.0665158560795966,0.98964
50,2,42,4,Hilbert+Swap,8.372923359274864,15.044352039694786,1.7967860679185412,1.0041823961726022,0.99468
50,2,42,4,Sinkhorn,61.71964667737484,15.044352039694786,0.2437530486578391,1.0581383616565503,0.3918
50,2,42,4,Sinkhorn+Swap,51.51411145925522,15.044352039694786,0.29204331810311873,1.0022804017435814,0.13292
50,2,42,4,Swap only,1.5627052634954453,15.044352039694786,9.627120603691903,1.0635531666649032,0.49688
50,10,42,0,LSA (scipy),15.84765687584877,16.054261475801468,1.013036917796192,1.0,0.0
50,10,42,0,LSA custom cold,32.159022986888885,16.054261475801468,0.4992148387824696,1.0,0.0
50,10,42,0,LSA custom warm,35.31923331320286,16.054261475801468,0.4545472811778206,1.0,0.0
50,10,42,0,Hilbert,15.898119658231735,16.054261475801468,1.009821401582475,1.0483296157671775,0.986
50,10,42,0,Hilbert+Swap,17.038578167557716,16.054261475801468,0.9422301155603209,1.001561630693509,0.98104
50,10,42,0,Sinkhorn,58.28789435327053,16.054261475801468,0.27543045865578886,1.0512685555147487,0.3524
50,10,42,0,Sinkhorn+Swap,47.688452526926994,16.054261475801468,0.33664882429843,1.0015365879541758,0.12472
50,10,42,0,Swap only,1.665014773607254,16.054261475801468,9.64211352973158,1.0437012864730675,0.44028
50,10,42,1,LSA (scipy),15.92007465660572,16.422079876065254,1.0315328432992767,1.0,0.0
50,10,42,1,LSA custom cold,32.42784924805164,16.422079876065254,0.5064190273751177,1.0,0.0
50,10,42,1,LSA custom warm,34.722086042165756,16.422079876065254,0.47295775536419765,1.0,0.0
50,10,42,1,Hilbert,15.37982001900673,16.422079876065254,1.0677680139150183,1.0308464281479783,0.95412
50,10,42,1,Hilbert+Swap,16.27594418823719,16.422079876065254,1.0089786304338446,1.0010890394936407,0.96028
50,10,42,1,Sinkhorn,55.28091639280319,16.422079876065254,0.2970659849300758,1.0340933866655284,0.38312
50,10,42,1,Sinkhorn+Swap,47.44352586567402,16.422079876065254,0.34613953276914505,1.0010227438064567,0.12248
50,10,42,1,Swap only,1.619931310415268,16.422079876065254,10.13751618385317,1.016738051465926,0.3654
50,10,42,2,LSA (scipy),14.499286189675331,16.100365668535233,1.1104247104247105,1.0,0.0
50,10,42,2,LSA custom cold,33.26858952641487,16.100365668535233,0.48395095487146306,1.0,0.0
50,10,42,2,LSA custom warm,39.371008053421974,16.100365668535233,0.4089396351419011,1.0,0.0
50,10,42,2,Hilbert,20.58960311114788,16.100365668535233,0.7819658097157769,1.0440033814246623,0.97468
50,10,42,2,Hilbert+Swap,20.444100722670555,16.100365668535233,0.7875311263107535,1.0011082176187671,0.96188
50,10,42,2,Sinkhorn,55.71485124528408,16.100365668535233,0.2889779889683907,1.0501050457838736,0.37188
50,10,42,2,Sinkhorn+Swap,48.784369602799416,16.100365668535233,0.33003123335658185,1.0011629322422972,0.11168
50,10,42,2,Swap only,1.6161948442459106,16.100365668535233,9.961896442039073,1.0302894191034488,0.40168
50,10,42,3,LSA (scipy),16.42834022641182,13.811221346259117,0.8406948697139128,1.0,0.0
50,10,42,3,LSA custom cold,34.13507528603077,13.811221346259117,0.40460497686118,1.0,0.0
50,10,42,3,LSA custom warm,36.251647397875786,13.811221346259117,0.3809818956549932,1.0,0.0
50,10,42,3,Hilbert,15.215341001749039,13.811221346259117,0.9077168460878718,1.049272524772268,0.971
50,10,42,3,Hilbert+Swap,16.25046879053116,13.811221346259117,0.8498967952424028,1.0015600902323922,0.97896
50,10,42,3,Sinkhorn,55.793652310967445,13.811221346259117,0.24754108709861647,1.0687223172830773,0.37152
50,10,42,3,Sinkhorn+Swap,47.57208377122879,13.811221346259117,0.2903219756501823,1.0013366739573883,0.14564
50,10,42,3,Swap only,1.5006531029939651,13.811221346259117,9.203473686692972,1.0163645678272868,0.35476
50,10,42,4,LSA (scipy),17.420055344700813,19.206847995519638,1.102571008843687,1.0,0.0
50,10,42,4,LSA custom cold,34.713370725512505,19.206847995519638,0.5532982707842777,1.0,0.0
50,10,42,4,LSA custom warm,35.89564934372902,19.206847995519638,0.5350745381870374,1.0,0.0
50,10,42,4,Hilbert,15.04434086382389,19.206847995519638,1.276682585789122,1.0677998261460644,0.97156
50,10,42,4,Hilbert+Swap,16.41811802983284,19.206847995519638,1.1698568593927443,1.0020059696410024,0.997
50,10,42,4,Sinkhorn,53.5251758992672,19.206847995519638,0.3588376436476614,1.0258055349823858,0.35788
50,10,42,4,Sinkhorn+Swap,45.820944011211395,19.206847995519638,0.4191718090928056,1.001049738485735,0.17684
50,10,42,4,Swap only,1.643287017941475,19.206847995519638,11.688066531177139,1.0093718336924187,0.41868
50,50,42,0,LSA (scipy),16.636496409773827,17.004268243908882,1.0221063272624513,1.0,0.0
50,50,42,0,LSA custom cold,31.99107199907303,17.004268243908882,0.5315316799762633,1.0,0.0
50,50,42,0,LSA custom warm,34.36700254678726,17.004268243908882,0.49478473488513464,1.0,0.0
50,50,42,0,Hilbert,45.685265213251114,17.004268243908882,0.3722046520806178,1.0221496044356317,0.96476
50,50,42,0,Hilbert+Swap,49.4682639837265,17.004268243908882,0.34374095378610314,1.0000760189499351,0.95968
50,50,42,0,Sinkhorn,56.97428062558174,17.004268243908882,0.29845516357908836,1.0740699883578342,0.4228
50,50,42,0,Sinkhorn+Swap,47.91834577918053,17.004268243908882,0.3548592499889023,1.0000772993966967,0.03844
50,50,42,0,Swap only,1.6915425658226013,17.004268243908882,10.052521637632964,1.0314954738113362,0.38368
50,50,42,1,LSA (scipy),17.086181789636612,17.031121999025345,0.9967775251785824,1.0,0.0
50,50,42,1,LSA custom cold,32.878099009394646,17.031121999025345,0.5180081121526777,1.0,0.0
50,50,42,1,LSA custom warm,35.38578562438488,17.031121999025345,0.4812983998662147,1.0,0.0
50,50,42,1,Hilbert,40.581006556749344,17.031121999025345,0.41968209869828293,1.0709088939609805,0.97716
50,50,42,1,Hilbert+Swap,35.29733419418335,17.031121999025345,0.4825044833508108,1.0006117341944014,0.97608
50,50,42,1,Sinkhorn,57.32858180999756,17.031121999025345,0.2970790740205487,1.0537993792273121,0.41488
50,50,42,1,Sinkhorn+Swap,48.201724886894226,17.031121999025345,0.353330135778108,1.000376385246256,0.08624
50,50,42,1,Swap only,1.5769526362419128,17.031121999025345,10.800021261014386,1.0114139302265732,0.32588
50,50,42,2,LSA (scipy),16.718756407499313,16.943544149398804,1.0134452429606942,1.0,0.0
50,50,42,2,LSA custom cold,32.78026916086674,16.943544149398804,0.5168823985626725,1.0,0.0
50,50,42,2,LSA custom warm,34.17937271296978,16.943544149398804,0.49572425719122015,1.0,0.0
50,50,42,2,Hilbert,44.735368341207504,16.943544149398804,0.37875052285623945,1.0130176232271688,0.99264
50,50,42,2,Hilbert+Swap,35.615814849734306,16.943544149398804,0.4757309139460894,1.0000191627108315,0.99904
50,50,42,2,Sinkhorn,54.898012429475784,16.943544149398804,0.308636750213228,1.0247758941341962,0.401
50,50,42,2,Sinkhorn+Swap,46.816395595669746,16.943544149398804,0.3619147508862469,1.0000349304370049,0.02692
50,50,42,2,Swap only,1.6250740736722946,16.943544149398804,10.426321128310343,1.0194039520362588,0.40872
50,50,42,3,LSA (scipy),14.221904799342155,14.32613842189312,1.0073290901620848,1.0,0.0
50,50,42,3,LSA custom cold,31.301790848374367,14.32613842189312,0.45767791661789653,1.0,0.0
50,50,42,3,LSA custom warm,33.36769528687,14.32613842189312,0.42934156221243047,1.0,0.0
50,50,42,3,Hilbert,47.868164256215096,14.32613842189312,0.2992832218342914,1.0280899130711953,0.99536
50,50,42,3,Hilbert+Swap,48.39559271931648,14.32613842189312,0.2960215510734932,1.0000898059582797,0.99968
50,50,42,3,Sinkhorn,57.1970921009779,14.32613842189312,0.2504696986448405,1.0516760798687796,0.43796
50,50,42,3,Sinkhorn+Swap,48.06956648826599,14.32613842189312,0.2980292827352666,1.0000954681624707,0.03668
50,50,42,3,Swap only,1.6059093177318573,14.32613842189312,8.920888784758388,1.0293955158065453,0.31832
50,50,42,4,LSA (scipy),15.068450942635536,15.044184401631355,0.9983895795860794,1.0,0.0
50,50,42,4,LSA custom cold,39.23717141151428,15.044184401631355,0.3834166393864107,1.0,0.0
50,50,42,4,LSA custom warm,39.84604403376579,15.044184401631355,0.3775577919073426,1.0,0.0
50,50,42,4,Hilbert,52.990997210145,15.044184401631355,0.2839007603871094,1.0237671036559868,0.9814
50,50,42,4,Hilbert+Swap,35.854604095220566,15.044184401631355,0.41958863530267654,1.000107412118733,0.97908
50,50,42,4,Sinkhorn,56.588077917695045,15.044184401631355,0.2658543098691651,1.0604544321539089,0.38464
50,50,42,4,Sinkhorn+Swap,48.52042533457279,15.044184401631355,0.3100587906617496,1.0001958280070604,0.06416
50,50,42,4,Swap only,1.6390401870012283,15.044184401631355,9.178654996346395,1.0185888504241238,0.34036
